{"cameraMode":{"drawMode":0,"name":"Shaded","section":"Shading Mode"},"sceneLighting":false,"audioPlay":false,"sceneViewState":{"m_AlwaysRefresh":false,"showFog":true,"showSkybox":false,"showFlares":true,"showImageEffects":true,"showParticleSystems":true,"showVisualEffectGraphs":true,"m_FxEnabled":true},"in2DMode":false,"pivot":{"x":-0.9166113138198853,"y":1.3082776069641114,"z":1.7807804346084595},"rotation":{"x":0.24328260123729707,"y":0.4620530307292938,"z":-0.14131782948970796,"w":0.8415917158126831},"size":0.504662811756134,"orthographic":true}